{
    "D.4.F.1.4": {
        "x": 0.93,
        "y": 0.917963224893918
    },
    "D.4.F.1.3A": {
        "x": 0.903,
        "y": 0.9519094766619519
    },
    "D.4.F.1.2B": {
        "x": 0.905,
        "y": 0.7906647807637907
    },
    "Sh": {
        "x": 0.745,
        "y": 0.8033946251768034
    },
    "D.4.A.1.2B": {
        "x": 0.613,
        "y": 0.8005657708628006
    },
    "D.4.A.1.2": {
        "x": 0.628,
        "y": 0.7538896746817539
    },
    "D.4.A.1.2A": {
        "x": 0.665,
        "y": 0.7906647807637907
    },
    "D.4.F.1.1A": {
        "x": 0.725,
        "y": 0.8826025459688827
    },
    "D.4.F.1.1B": {
        "x": 0.774,
        "y": 0.9321074964639321
    },
    "D.4.F.1.3B": {
        "x": 0.846,
        "y": 0.9618104667609618
    },
    "D.4.F.1.4A": {
        "x": 0.96,
        "y": 0.9476661951909476
    },
    "D.4.F.1.4B": {
        "x": 0.953,
        "y": 0.8967468175388967
    },
    "D.4.F.1.3": {
        "x": 0.872,
        "y": 0.9165487977369166
    },
    "D.4.F.1.1": {
        "x": 0.771,
        "y": 0.8995756718528995
    },
    "D.4.F.1": {
        "x": 0.859,
        "y": 0.8472418670438473
    },
    "D.4.F.1.2": {
        "x": 0.919,
        "y": 0.8302687411598303
    },
    "D.4.F.1.2C": {
        "x": 0.969,
        "y": 0.8330975954738331
    },
    "D.4.F.1.2A": {
        "x": 0.96,
        "y": 0.7906647807637907
    },
    "D.4.E.1.5A": {
        "x": 0.956,
        "y": 0.7256011315417256
    },
    "D.4.E.1.5": {
        "x": 0.912,
        "y": 0.6958981612446958
    },
    "D.4.E.1.5B": {
        "x": 0.957,
        "y": 0.6506364922206507
    },
    "D.4.E.1": {
        "x": 0.859,
        "y": 0.7142857142857143
    },
    "D.4.E.1.1D": {
        "x": 0.869,
        "y": 0.6025459688826026
    },
    "D.4.E.1.1": {
        "x": 0.906,
        "y": 0.6463932107496464
    },
    "D.4.E.1.1A": {
        "x": 0.961,
        "y": 0.6067892503536068
    },
    "D.4.E.1.1C": {
        "x": 0.951,
        "y": 0.5289957567185289
    },
    "D.4.E.1.1B": {
        "x": 0.899,
        "y": 0.5502121640735502
    },
    "D.4.E.1.4B": {
        "x": 0.838,
        "y": 0.5487977369165488
    },
    "D.4.E.1.4C": {
        "x": 0.787,
        "y": 0.4766619519094767
    },
    "D.4.E.1.4D": {
        "x": 0.749,
        "y": 0.5912305516265912
    },
    "D.4.E.1.4": {
        "x": 0.817,
        "y": 0.6209335219236208
    },
    "D.4.E.1.2": {
        "x": 0.735,
        "y": 0.6605374823196606
    },
    "D.4.E.1.3": {
        "x": 0.798,
        "y": 0.717114568599717
    },
    "D.4.E.1.3A": {
        "x": 0.76,
        "y": 0.7114568599717115
    },
    "D.4.E.1.2B": {
        "x": 0.738,
        "y": 0.6732673267326733
    },
    "D.4.E.1.2A": {
        "x": 0.751,
        "y": 0.6336633663366338
    },
    "D.4.E.1.4A": {
        "x": 0.727,
        "y": 0.512022630834512
    },
    "D.4.C.1.5D": {
        "x": 0.723,
        "y": 0.43847241867043846
    },
    "D.4.C.1.5B": {
        "x": 0.708,
        "y": 0.371994342291372
    },
    "D.4.C.1.5C": {
        "x": 0.646,
        "y": 0.3635077793493635
    },
    "D.4.C.1.5A": {
        "x": 0.607,
        "y": 0.4200848656294201
    },
    "D.4.C.1.5": {
        "x": 0.65,
        "y": 0.4314002828854314
    },
    "D.4.C.1": {
        "x": 0.639,
        "y": 0.5063649222065064
    },
    "D.4.A.1": {
        "x": 0.621,
        "y": 0.7312588401697313
    },
    "D.4.D.1.3D": {
        "x": 0.559,
        "y": 0.801980198019802
    },
    "D.4.D.1.2A": {
        "x": 0.658,
        "y": 0.8868458274398868
    },
    "D.4.D.1.6A": {
        "x": 0.656,
        "y": 0.9575671852899575
    },
    "D.4.D.1.6B": {
        "x": 0.608,
        "y": 0.9632248939179632
    },
    "D.4.D.1.4B": {
        "x": 0.56,
        "y": 0.9490806223479491
    },
    "D.4.D.1.4C": {
        "x": 0.508,
        "y": 0.9504950495049505
    },
    "D.4.D.1.4": {
        "x": 0.512,
        "y": 0.8953323903818954
    },
    "D.4.D.1.6": {
        "x": 0.618,
        "y": 0.9236209335219236
    },
    "D.4.D.1.2": {
        "x": 0.616,
        "y": 0.8882602545968883
    },
    "D.4.D.1.3": {
        "x": 0.518,
        "y": 0.8132956152758133
    },
    "D.4.D.1": {
        "x": 0.567,
        "y": 0.8811881188118812
    },
    "D.4.D.1.4A": {
        "x": 0.457,
        "y": 0.9632248939179632
    },
    "D.4.D.1.5B": {
        "x": 0.45,
        "y": 0.8656294200848657
    },
    "D.4.D.1.5": {
        "x": 0.502,
        "y": 0.8698727015558698
    },
    "D.4.D.1.5A": {
        "x": 0.407,
        "y": 0.9434229137199435
    },
    "D.4.D.1.1A": {
        "x": 0.395,
        "y": 0.8302687411598303
    },
    "D.4.D.1.1": {
        "x": 0.456,
        "y": 0.8203677510608204
    },
    "D.4.D.1.1B": {
        "x": 0.427,
        "y": 0.743988684582744
    },
    "D.4.D.1.1C": {
        "x": 0.376,
        "y": 0.7722772277227723
    },
    "D.4.D.1.3B": {
        "x": 0.483,
        "y": 0.7977369165487977
    },
    "D.4.D.1.3A": {
        "x": 0.495,
        "y": 0.7482319660537482
    },
    "D.4.D.1.3C": {
        "x": 0.549,
        "y": 0.7454031117397454
    },
    "D.4.C.1.2C": {
        "x": 0.483,
        "y": 0.6195190947666195
    },
    "D.4.C.1.2": {
        "x": 0.461,
        "y": 0.5983026874115983
    },
    "D.4.C.1.2A": {
        "x": 0.476,
        "y": 0.5289957567185289
    },
    "D.4.B.1": {
        "x": 0.582,
        "y": 0.5657708628005659
    },
    "D.4.C.1.2B": {
        "x": 0.428,
        "y": 0.5544554455445545
    },
    "D.4.A.1.1A": {
        "x": 0.509,
        "y": 0.6831683168316832
    },
    "D.4.A.1.1": {
        "x": 0.562,
        "y": 0.695898161244696
    },
    "D.4.A.1.1B": {
        "x": 0.599,
        "y": 0.6760961810466761
    },
    "D.4.C.1.3D": {
        "x": 0.61,
        "y": 0.3055162659123055
    },
    "D.4.A.1.1C": {
        "x": 0.546,
        "y": 0.6577086280056577
    },
    "D.4.C.1.1C": {
        "x": 0.828,
        "y": 0.36916548797736914
    },
    "D.4.C.1.1A": {
        "x": 0.822,
        "y": 0.4214992927864215
    },
    "D.4.C.1.1": {
        "x": 0.775,
        "y": 0.413012729844413
    },
    "D.4.C.1.1B": {
        "x": 0.77,
        "y": 0.3620933521923621
    },
    "D.4.C.1.3A": {
        "x": 0.559,
        "y": 0.39462517680339465
    },
    "D.4.C.1.3": {
        "x": 0.591,
        "y": 0.3635077793493635
    },
    "D.4.C.1.3B": {
        "x": 0.544,
        "y": 0.3493635077793494
    },
    "D.4.C.1.3C": {
        "x": 0.557,
        "y": 0.2984441301272984
    },
    "D.4.B.1.3D": {
        "x": 0.447,
        "y": 0.4229137199434229
    },
    "D.4.C.1.4C": {
        "x": 0.498,
        "y": 0.46534653465346537
    },
    "D.4.C.1.4B": {
        "x": 0.509,
        "y": 0.4087694483734088
    },
    "D.4.C.1.4": {
        "x": 0.543,
        "y": 0.48656294200848654
    },
    "D.4.B.1.3C": {
        "x": 0.451,
        "y": 0.3521923620933522
    },
    "D.4.B.1.3B": {
        "x": 0.412,
        "y": 0.2871287128712871
    },
    "D.4.B.1.3A": {
        "x": 0.353,
        "y": 0.33946251768033947
    },
    "D.4.B.1.3": {
        "x": 0.402,
        "y": 0.37482319660537483
    },
    "D.4.B.1.2C": {
        "x": 0.321,
        "y": 0.5077793493635078
    },
    "D.4.B.1.2B": {
        "x": 0.321,
        "y": 0.4214992927864215
    },
    "D.4.B.1.2A": {
        "x": 0.381,
        "y": 0.43705799151343705
    },
    "D.4.B.1.2": {
        "x": 0.37,
        "y": 0.3323903818953324
    },
    "D.4.B.1.1C": {
        "x": 0.398,
        "y": 0.6746817538896747
    },
    "D.4.B.1.1": {
        "x": 0.474,
        "y": 0.637906647807638
    },
    "D.4.B.1.1B": {
        "x": 0.416,
        "y": 0.6265912305516266
    },
    "D.4.B.1.1A": {
        "x": 0.451,
        "y": 0.6916548797736917
    },
    "D.4.C.1.4D": {
        "x": 0.494,
        "y": 0.28995756718529
    },
    "D.4.C.1.4A": {
        "x": 0.563,
        "y": 0.4526166902404526
    },