{
    "ZuV": {
        "x": 0.399,
        "y": 0.4212871287128714,
        "locked": "true"
    },
    "ZuVGaZ": {
        "x": 0.153,
        "y": 0.44224893917963237,
        "locked": "true"
    },
    "ZuVGaZ1.1.1": {
        "x": 0.079,
        "y": 0.5996463932107495,
        "locked": "true"
    },
    "ZuVGaZ1.1.1A1": {
        "x": 0.089,
        "y": 0.49787835926449786,
        "locked": "true"
    },
    "ZuVGaZ1.1.1A2": {
        "x": 0.034,
        "y": 0.5205091937765205,
        "locked": "true"
    },
    "ZuVGaZ1.1.1B1": {
        "x": 0.027,
        "y": 0.5728429985855729,
        "locked": "true"
    },
    "ZuVGaZ1.1.1B2": {
        "x": 0.031,
        "y": 0.6152758132956153,
        "locked": "true"
    },
    "ZuVGaZ1.1.1C1": {
        "x": 0.033,
        "y": 0.671852899575672,
        "locked": "true"
    },
    "ZuVGaZ1.1.1D1": {
        "x": 0.084,
        "y": 0.6916548797736916,
        "locked": "true"
    },
    "ZuVGaZ1.1.1E1": {
        "x": 0.118,
        "y": 0.6548797736916548,
        "locked": "true"
    },
    "ZuVGaZ1.1.2": {
        "x": 0.085,
        "y": 0.3469236209335219,
        "locked": "true"
    },
    "ZuVGaZ1.1.2A1": {
        "x": 0.142,
        "y": 0.3635077793493635,
        "locked": "true"
    },
    "ZuVGaZ1.1.2B1": {
        "x": 0.109,
        "y": 0.27722772277227725,
        "locked": "true"
    },
    "ZuVGaZ1.1.2C1": {
        "x": 0.04,
        "y": 0.2871287128712871,
        "locked": "true"
    },
    "ZuVGaZ1.1.2D1": {
        "x": 0.032,
        "y": 0.3635077793493635,
        "locked": "true"
    },
    "ZuVGaZ1.1.2E1": {
        "x": 0.084,
        "y": 0.42998585572843,
        "locked": "true"
    },
    "ZuVGaZ1.1.3": {
        "x": 0.207,
        "y": 0.5316548797736916,
        "locked": "true"
    },
    "ZuVGaZ1.1.3A1": {
        "x": 0.157,
        "y": 0.5374823196605375,
        "locked": "true"
    },
    "ZuVGaZ1.1.3A2": {
        "x": 0.186,
        "y": 0.6096181046676096,
        "locked": "true"
    },
    "ZuVGaZ1.1.3B1": {
        "x": 0.244,
        "y": 0.6011315417256011,
        "locked": "true"
    },
    "ZuVGaZ1.1.3C1": {
        "x": 0.288,
        "y": 0.536067892503536,
        "locked": "true"
    },
    "ZuVGaZ1.1.3D1": {
        "x": 0.225,
        "y": 0.4794908062234795,
        "locked": "true"
    },
    "ZuVGeZ": {
        "x": 0.212,
        "y": 0.15298444130127295,
        "locked": "true"
    },
    "ZuVGeZ1.2.1": {
        "x": 0.4,
        "y": 0.15693069306930685,
        "locked": "true"
    },
    "ZuVGeZ1.2.1A1": {
        "x": 0.354,
        "y": 0.18528995756718528,
        "locked": "true"
    },
    "ZuVGeZ1.2.1A2": {
        "x": 0.411,
        "y": 0.20933521923620935,
        "locked": "true"
    },
    "ZuVGeZ1.2.1B1": {
        "x": 0.451,
        "y": 0.14710042432814718,
        "locked": "true"
    },
    "ZuVGeZ1.2.1C1": {
        "x": 0.427,
        "y": 0.08486562942008487,
        "locked": "true"
    },
    "ZuVGeZ1.2.1D1": {
        "x": 0.362,
        "y": 0.1103253182461103,
        "locked": "true"
    },
    "ZuVGeZ1.2.2": {
        "x": 0.277,
        "y": 0.06347949080622348,
        "locked": "true"
    },
    "ZuVGeZ1.2.2A1": {
        "x": 0.298,
        "y": 0.10891089108910891,
        "locked": "true"
    },
    "ZuVGeZ1.2.2B1": {
        "x": 0.328,
        "y": 0.05091937765205092,
        "locked": "true"
    },
    "ZuVGeZ1.2.2C1": {
        "x": 0.263,
        "y": 0.031117397454031116,
        "locked": "true"
    },
    "ZuVGeZ1.2.2D1": {
        "x": 0.225,
        "y": 0.07637906647807638,
        "locked": "true"
    },
    "ZuVGeZ1.2.3": {
        "x": 0.113,
        "y": 0.10949787835926444,
        "locked": "true"
    },
    "ZuVGeZ1.2.3A1": {
        "x": 0.151,
        "y": 0.055162659123055166,
        "locked": "true"
    },
    "ZuVGeZ1.2.3B1": {
        "x": 0.045,
        "y": 0.10608203677510608,
        "locked": "true"
    },
    "ZuVGeZ1.2.3B2": {
        "x": 0.082,
        "y": 0.05091937765205092,
        "locked": "true"
    },
    "ZuVGeZ1.2.3C1": {
        "x": 0.052,
        "y": 0.16407355021216408,
        "locked": "true"
    },
    "ZuVGeZ1.2.3D1": {
        "x": 0.111,
        "y": 0.18953323903818953,
        "locked": "true"
    },
    "ZuVGeZ1.2.4": {
        "x": 0.22,
        "y": 0.2757072135785008,
        "locked": "true"
    },
    "ZuVGeZ1.2.4A1": {
        "x": 0.18,
        "y": 0.2065063649222065,
        "locked": "true"
    },
    "ZuVGeZ1.2.4B1": {
        "x": 0.167,
        "y": 0.2814710042432815,
        "locked": "true"
    },
    "ZuVGeZ1.2.4C1": {
        "x": 0.22,
        "y": 0.3578500707213578,
        "locked": "true"
    },
    "ZuVGeZ1.2.4D1": {
        "x": 0.279,
        "y": 0.3352192362093352,
        "locked": "true"
    },
    "ZuVATuG": {
        "x": 0.207,
        "y": 0.7785714285714286,
        "locked": "true"
    },
    "ZuVATuG1.3.1": {
        "x": 0.103,
        "y": 0.8006364922206506,
        "locked": "true"
    },
    "ZuVATuG1.3.1A1": {
        "x": 0.129,
        "y": 0.7567185289957568,
        "locked": "true"
    },
    "ZuVATuG1.3.1B1": {
        "x": 0.075,
        "y": 0.7496463932107497,
        "locked": "true"
    },
    "ZuVATuG1.3.1C1": {
        "x": 0.042,
        "y": 0.7963224893917963,
        "locked": "true"
    },
    "ZuVATuG1.3.1D1": {
        "x": 0.043,
        "y": 0.867043847241867,
        "locked": "true"
    },
    "ZuVATuG1.3.1E1": {
        "x": 0.1,
        "y": 0.8528995756718529,
        "locked": "true"
    },
    "ZuVATuG1.3.2": {
        "x": 0.188,
        "y": 0.9204031117397454,
        "locked": "true"
    },
    "ZuVATuG1.3.2A1": {
        "x": 0.164,
        "y": 0.8642149929278642,
        "locked": "true"
    },
    "ZuVATuG1.3.2B1": {
        "x": 0.131,
        "y": 0.9123055162659123,
        "locked": "true"
    },
    "ZuVATuG1.3.2C1": {
        "x": 0.13,
        "y": 0.9674681753889675,
        "locked": "true"
    },
    "ZuVATuG1.3.2D1": {
        "x": 0.193,
        "y": 0.9759547383309759,
        "locked": "true"
    },
    "ZuVATuG1.3.2E1": {
        "x": 0.25,
        "y": 0.9066478076379066,
        "locked": "true"
    },
    "ZuVATuG1.3.2E2": {
        "x": 0.246,
        "y": 0.9533239038189534,
        "locked": "true"
    },
    "ZuVATuG1.3.3": {
        "x": 0.287,
        "y": 0.7783026874115982,
        "locked": "true"
    },
    "ZuVATuG1.3.3A1": {
        "x": 0.274,
        "y": 0.8543140028288543,
        "locked": "true"
    },
    "ZuVATuG1.3.3B1": {
        "x": 0.332,
        "y": 0.8528995756718529,
        "locked": "true"
    },
    "ZuVATuG1.3.3C1": {
        "x": 0.365,
        "y": 0.7878359264497878,
        "locked": "true"
    },
    "ZuVATuG1.3.3D1": {
        "x": 0.362,
        "y": 0.7241867043847242,
        "locked": "true"
    },
    "ZuVATuG1.3.3E1": {
        "x": 0.304,
        "y": 0.6973125884016973,
        "locked": "true"
    },
    "FuR": {
        "x": 0.448,
        "y": 0.610820367751061,
        "locked": "true"
    },
    "FuRGdE": {
        "x": 0.53,
        "y": 0.5135926449787837,
        "locked": "true"
    },
    "FuRGdE2.1.1": {
        "x": 0.626,
        "y": 0.5232319660537483,
        "locked": "true"
    },
    "FuRGdE2.1.1A1": {
        "x": 0.566,
        "y": 0.6025459688826026,
        "locked": "true"
    },
    "FuRGdE2.1.1B1": {
        "x": 0.621,
        "y": 0.6096181046676096,
        "locked": "true"
    },
    "FuRGdE2.1.1B2": {
        "x": 0.673,
        "y": 0.6011315417256011,
        "locked": "true"
    },
    "FuRGdE2.1.1C1": {
        "x": 0.687,
        "y": 0.5388967468175389,
        "locked": "true"
    },
    "FuRGdE2.1.1C2": {
        "x": 0.704,
        "y": 0.4724186704384724,
        "locked": "true"
    },
    "FuRGdE2.1.1D1": {
        "x": 0.649,
        "y": 0.4328147100424328,
        "locked": "true"
    },
    "FuRGdE2.1.1E1": {
        "x": 0.596,